,track_uri,artist_uri,genres
0,7v8v911KfBuFkqXvuDOtNm,7nqOGRxlXj7N2JYbgNEjYH,k-pop
0,7v8v911KfBuFkqXvuDOtNm,7nqOGRxlXj7N2JYbgNEjYH,k-pop boy group
1,3vBwpaajHJQaqJkE7Xsv5H,4D9foUQxTrsS0w2BeyCD16,k-pop
1,3vBwpaajHJQaqJkE7Xsv5H,4D9foUQxTrsS0w2BeyCD16,k-pop boy group
2,6sh2KDPT9xD5V7hcdsDac0,2Uvrls9HlspsRUtW6mp4Q3,k-indie
2,6sh2KDPT9xD5V7hcdsDac0,2Uvrls9HlspsRUtW6mp4Q3,k-pop
2,6sh2KDPT9xD5V7hcdsDac0,2Uvrls9HlspsRUtW6mp4Q3,korean pop
3,7DF8lvLdV3htIbuTWpc7lR,4MCBfE4596Uoi2O4DtmEMz,chicago rap
3,7DF8lvLdV3htIbuTWpc7lR,4MCBfE4596Uoi2O4DtmEMz,melodic rap
3,7DF8lvLdV3htIbuTWpc7lR,4MCBfE4596Uoi2O4DtmEMz,rap
4,3XKI5295qhFbwNesz3ollU,2auC28zjQyVTsiZKNgPRGs,k-rap
5,6RooT9Bs4UTmK5TDY7JTRv,7K0fdSeyyo6Vlm0u4W7Uui,
6,7eBpUuPnDTfbeP1P4P93CS,1uAT5bTSp6dWbNmixIUP5t,k-pop
7,0MMIrw3mCssQj4uqJlBzdp,1uAT5bTSp6dWbNmixIUP5t,k-pop
8,3c88ZQLeFkKZfw3V0kvmKD,2NhXno18MV9YbhVmr5QX11,gen z singer-songwriter
8,3c88ZQLeFkKZfw3V0kvmKD,2NhXno18MV9YbhVmr5QX11,singer-songwriter pop
9,279HOB7dgskHprPl4W4zAb,4D9foUQxTrsS0w2BeyCD16,k-pop
9,279HOB7dgskHprPl4W4zAb,4D9foUQxTrsS0w2BeyCD16,k-pop boy group
10,1LOwVni0B6sUjGl0ynFtMe,4jGPdu95icCKVF31CcFKbS,singaporean pop
11,7lzA7zfZnw8VsFFjGE7Ghn,2GoeZ0qOTt6kjsWW4eA6LS,desi pop
11,7lzA7zfZnw8VsFFjGE7Ghn,2GoeZ0qOTt6kjsWW4eA6LS,filmi
11,7lzA7zfZnw8VsFFjGE7Ghn,2GoeZ0qOTt6kjsWW4eA6LS,gujarati pop
11,7lzA7zfZnw8VsFFjGE7Ghn,2GoeZ0qOTt6kjsWW4eA6LS,modern bollywood
12,786A4mxiKmPGHA7z7dPA9K,2dIgFjalVxs4ThymZ67YCE,k-pop
12,786A4mxiKmPGHA7z7dPA9K,2dIgFjalVxs4ThymZ67YCE,k-pop boy group
12,786A4mxiKmPGHA7z7dPA9K,2dIgFjalVxs4ThymZ67YCE,pop
13,56uBQujWiOiFMFg1R3TZUJ,2dIgFjalVxs4ThymZ67YCE,k-pop
13,56uBQujWiOiFMFg1R3TZUJ,2dIgFjalVxs4ThymZ67YCE,k-pop boy group
13,56uBQujWiOiFMFg1R3TZUJ,2dIgFjalVxs4ThymZ67YCE,pop
14,6rurduYegrf5XSZrphuyF2,7nqOGRxlXj7N2JYbgNEjYH,k-pop
14,6rurduYegrf5XSZrphuyF2,7nqOGRxlXj7N2JYbgNEjYH,k-pop boy group
15,6ENsTPfqZ0Y9QdGpqN30zg,2FLqlgckDKdmpBrvLAT5BM,k-pop
16,0hLvtmoexLKl14LrzxOYRt,2dIgFjalVxs4ThymZ67YCE,k-pop
16,0hLvtmoexLKl14LrzxOYRt,2dIgFjalVxs4ThymZ67YCE,k-pop boy group
16,0hLvtmoexLKl14LrzxOYRt,2dIgFjalVxs4ThymZ67YCE,pop
17,34o6gteNy2T5rieA0xYAgo,3VQDqjQ4wJyw8PzpGdlZpB,korean r&b
18,3pajXCqOSkwgTIBXZEauQD,1ATcda1cBf3inR0K5yqlU6,chill guitar
19,3AJwUDP919kvQ9QcozQPxg,4gzpq5DPGxSnKTe4SA8HAU,permanent wave
19,3AJwUDP919kvQ9QcozQPxg,4gzpq5DPGxSnKTe4SA8HAU,pop
20,4C9Zhjq5ux9ieiDWYfFcfP,2dIgFjalVxs4ThymZ67YCE,k-pop
20,4C9Zhjq5ux9ieiDWYfFcfP,2dIgFjalVxs4ThymZ67YCE,k-pop boy group
20,4C9Zhjq5ux9ieiDWYfFcfP,2dIgFjalVxs4ThymZ67YCE,pop
21,2Q4D2Pz1HDt1x4NukBID5Q,7nqOGRxlXj7N2JYbgNEjYH,k-pop
21,2Q4D2Pz1HDt1x4NukBID5Q,7nqOGRxlXj7N2JYbgNEjYH,k-pop boy group
22,0h7QMc9ZRzA9QJrbEHytn2,5vV3bFXnN6D6N3Nj4xRvaV,k-pop
23,3aapqx97CiNvdMRCOtyWXW,50Zu2bK9y5UAtD0jcqk5VX,k-indie
23,3aapqx97CiNvdMRCOtyWXW,50Zu2bK9y5UAtD0jcqk5VX,korean electropop
24,7BXW1QCg56yzEBV8pW8pah,4phGZZrJZRo4ElhRtViYdl,acoustic pop
24,7BXW1QCg56yzEBV8pW8pah,4phGZZrJZRo4ElhRtViYdl,dance pop
24,7BXW1QCg56yzEBV8pW8pah,4phGZZrJZRo4ElhRtViYdl,neo mellow
24,7BXW1QCg56yzEBV8pW8pah,4phGZZrJZRo4ElhRtViYdl,pop
25,05ib88vsMeLfwlAfrZyz99,2dIgFjalVxs4ThymZ67YCE,k-pop
25,05ib88vsMeLfwlAfrZyz99,2dIgFjalVxs4ThymZ67YCE,k-pop boy group
25,05ib88vsMeLfwlAfrZyz99,2dIgFjalVxs4ThymZ67YCE,pop
26,3AOf6YEpxQ894FmrwI9k96,7nqOGRxlXj7N2JYbgNEjYH,k-pop
26,3AOf6YEpxQ894FmrwI9k96,7nqOGRxlXj7N2JYbgNEjYH,k-pop boy group
27,1FU3x0eu9cUl3AltO6t2KH,1qBsABYUrxg9afpMtyoFKz,chinese idol pop
27,1FU3x0eu9cUl3AltO6t2KH,1qBsABYUrxg9afpMtyoFKz,k-pop
28,2e3cJdJ8xWwydl8JIYlCqB,1qBsABYUrxg9afpMtyoFKz,chinese idol pop
28,2e3cJdJ8xWwydl8JIYlCqB,1qBsABYUrxg9afpMtyoFKz,k-pop
29,3tgWMPOY4stCdKYj5NjrAe,7nqOGRxlXj7N2JYbgNEjYH,k-pop
29,3tgWMPOY4stCdKYj5NjrAe,7nqOGRxlXj7N2JYbgNEjYH,k-pop boy group
30,1zYn7HfgO5B0BR3L34LcVA,2FLqlgckDKdmpBrvLAT5BM,k-pop
31,1Z6NmeYIfN4e8TuEYLFTKL,2dIgFjalVxs4ThymZ67YCE,k-pop
31,1Z6NmeYIfN4e8TuEYLFTKL,2dIgFjalVxs4ThymZ67YCE,k-pop boy group
31,1Z6NmeYIfN4e8TuEYLFTKL,2dIgFjalVxs4ThymZ67YCE,pop
32,2RmGQmFyJetffds9FSRm3c,5t5FqBwTcgKTaWmfEbwQY9,anime
32,2RmGQmFyJetffds9FSRm3c,5t5FqBwTcgKTaWmfEbwQY9,k-pop boy group
33,6tAPw1Rtt3SGEOm6ohYi8l,1uAT5bTSp6dWbNmixIUP5t,k-pop
34,0aW2wxU16UTuwohjldJ5v0,2Y34b9AOK30zXgL7cAH4NG,
35,6e7SWgyx1EsEHmdDlsrbth,2dIgFjalVxs4ThymZ67YCE,k-pop
35,6e7SWgyx1EsEHmdDlsrbth,2dIgFjalVxs4ThymZ67YCE,k-pop boy group
35,6e7SWgyx1EsEHmdDlsrbth,2dIgFjalVxs4ThymZ67YCE,pop
36,1J0qupz0gVGSB5jcRY35tL,2dIgFjalVxs4ThymZ67YCE,k-pop
36,1J0qupz0gVGSB5jcRY35tL,2dIgFjalVxs4ThymZ67YCE,k-pop boy group
36,1J0qupz0gVGSB5jcRY35tL,2dIgFjalVxs4ThymZ67YCE,pop
37,6UkMcAA19lTdjs22jtB7o2,5hW4L92KnC6dX9t7tYM4Ve,canadian singer-songwriter
37,6UkMcAA19lTdjs22jtB7o2,5hW4L92KnC6dX9t7tYM4Ve,folk
37,6UkMcAA19lTdjs22jtB7o2,5hW4L92KnC6dX9t7tYM4Ve,folk rock
37,6UkMcAA19lTdjs22jtB7o2,5hW4L92KnC6dX9t7tYM4Ve,singer-songwriter
38,2wpiWR4tTz4ewnYV1v4KQC,2dIgFjalVxs4ThymZ67YCE,k-pop
38,2wpiWR4tTz4ewnYV1v4KQC,2dIgFjalVxs4ThymZ67YCE,k-pop boy group
38,2wpiWR4tTz4ewnYV1v4KQC,2dIgFjalVxs4ThymZ67YCE,pop
39,3FeVmId7tL5YN8B7R3imoM,4gzpq5DPGxSnKTe4SA8HAU,permanent wave
39,3FeVmId7tL5YN8B7R3imoM,4gzpq5DPGxSnKTe4SA8HAU,pop
40,56ZpFy1kLsXwtbHWX1CgJ4,2dIgFjalVxs4ThymZ67YCE,k-pop
40,56ZpFy1kLsXwtbHWX1CgJ4,2dIgFjalVxs4ThymZ67YCE,k-pop boy group
40,56ZpFy1kLsXwtbHWX1CgJ4,2dIgFjalVxs4ThymZ67YCE,pop
41,0bxB5Jie9fGKTIibfYVfei,2dIgFjalVxs4ThymZ67YCE,k-pop
41,0bxB5Jie9fGKTIibfYVfei,2dIgFjalVxs4ThymZ67YCE,k-pop boy group
41,0bxB5Jie9fGKTIibfYVfei,2dIgFjalVxs4ThymZ67YCE,pop
42,1BIKSPrF0M1U6u83MTKmDu,2wUjUUtkb5lvLKcGKsKqsR,canadian contemporary r&b
42,1BIKSPrF0M1U6u83MTKmDu,2wUjUUtkb5lvLKcGKsKqsR,canadian pop
42,1BIKSPrF0M1U6u83MTKmDu,2wUjUUtkb5lvLKcGKsKqsR,pop
43,0OCDOcvQvozjsivREMojzx,2dIgFjalVxs4ThymZ67YCE,k-pop
43,0OCDOcvQvozjsivREMojzx,2dIgFjalVxs4ThymZ67YCE,k-pop boy group
43,0OCDOcvQvozjsivREMojzx,2dIgFjalVxs4ThymZ67YCE,pop
44,4IQCY3PjJsrZVryFfYJVsB,2FLqlgckDKdmpBrvLAT5BM,k-pop
45,0KHCa8hM5Jff6Ji0JxQYMb,2dIgFjalVxs4ThymZ67YCE,k-pop
45,0KHCa8hM5Jff6Ji0JxQYMb,2dIgFjalVxs4ThymZ67YCE,k-pop boy group
45,0KHCa8hM5Jff6Ji0JxQYMb,2dIgFjalVxs4ThymZ67YCE,pop
46,1X1DWw2pcNZ8zSub3uhlNz,3AQRLZ9PuTAozP28Skbq8V,celtic rock
46,1X1DWw2pcNZ8zSub3uhlNz,3AQRLZ9PuTAozP28Skbq8V,pop
47,69790X4RDQIKwcxltIMHvU,1eTft3tXynrKdo6XD7QHLL,k-pop
48,1ifB8sqR8gd09DSEloo4Du,2dIgFjalVxs4ThymZ67YCE,k-pop
48,1ifB8sqR8gd09DSEloo4Du,2dIgFjalVxs4ThymZ67YCE,k-pop boy group
48,1ifB8sqR8gd09DSEloo4Du,2dIgFjalVxs4ThymZ67YCE,pop
49,5ZjV4yevHO1QhMw8AjyQbZ,5GGJosGMs08YEmKTZJe1fL,indie pop
50,6CdUgvL597jWmW4w8P5kHs,3qNVuliS40BLgXGxhdBdqu,k-pop
51,4WFTVcLuQuQlzzO8aS4iRM,5qUAtC3NwSLYme4JqjlGfQ,korean ost
52,3aAgLPtl0SMPmrY6go45pe,6nfDaffa50mKtEOwR8g4df,k-pop
52,3aAgLPtl0SMPmrY6go45pe,6nfDaffa50mKtEOwR8g4df,k-pop boy group
53,2j1Es5qEl4pD8GEe2WsYgP,7nqOGRxlXj7N2JYbgNEjYH,k-pop
53,2j1Es5qEl4pD8GEe2WsYgP,7nqOGRxlXj7N2JYbgNEjYH,k-pop boy group
54,6cLwgFQvn69ATT9GX7hCIs,5na1LmEmK2VzNLje9snJYW,k-pop
54,6cLwgFQvn69ATT9GX7hCIs,5na1LmEmK2VzNLje9snJYW,k-pop boy group
55,3VMeAc0SlgLaS9RzA8TSxH,2dIgFjalVxs4ThymZ67YCE,k-pop
55,3VMeAc0SlgLaS9RzA8TSxH,2dIgFjalVxs4ThymZ67YCE,k-pop boy group
55,3VMeAc0SlgLaS9RzA8TSxH,2dIgFjalVxs4ThymZ67YCE,pop
56,1mBtrVS6hLeqcVecvpAqBJ,04uu8U3I1h26Fp2NBkPTRZ,singer-songwriter pop
57,0br4r9VlPdofrWXxPorlYd,5qRSs6mvI17zrkJpOHkCoM,k-pop
57,0br4r9VlPdofrWXxPorlYd,5qRSs6mvI17zrkJpOHkCoM,k-pop boy group
58,7cRYXWQjXyLg6C1Hu9uc1S,2dIgFjalVxs4ThymZ67YCE,k-pop
58,7cRYXWQjXyLg6C1Hu9uc1S,2dIgFjalVxs4ThymZ67YCE,k-pop boy group
58,7cRYXWQjXyLg6C1Hu9uc1S,2dIgFjalVxs4ThymZ67YCE,pop
59,4nWJ7msY5lWNK74UKbAVw5,3Nrfpe0tUJi4K4DXYWgMUX,k-pop
59,4nWJ7msY5lWNK74UKbAVw5,3Nrfpe0tUJi4K4DXYWgMUX,k-pop boy group
59,4nWJ7msY5lWNK74UKbAVw5,3Nrfpe0tUJi4K4DXYWgMUX,pop
60,0GreariMutSQLZe5clYjEP,1RosPf8wnTxnEuIvhf4p7C,
61,6Upu6yjkdi0DVI8E3IBZEU,7nqOGRxlXj7N2JYbgNEjYH,k-pop
61,6Upu6yjkdi0DVI8E3IBZEU,7nqOGRxlXj7N2JYbgNEjYH,k-pop boy group
62,2pn8dNVSpYnAtlKFC8Q0DJ,3eVa5w3URK5duf6eyVDbu9,k-pop
63,1AZjCZSGEjlxUufFQwSszF,2auC28zjQyVTsiZKNgPRGs,k-rap
64,2Z4xd8uK1ATKYicHJxvb4p,5na1LmEmK2VzNLje9snJYW,k-pop
64,2Z4xd8uK1ATKYicHJxvb4p,5na1LmEmK2VzNLje9snJYW,k-pop boy group
65,6zVDBEprS3mo8p0WV9MtLr,4D9foUQxTrsS0w2BeyCD16,k-pop
65,6zVDBEprS3mo8p0WV9MtLr,4D9foUQxTrsS0w2BeyCD16,k-pop boy group
66,6HguG9HRb1Ke1bhihfE4m8,3mIj9lX2MWuHmhNCA7LSCW,modern alternative rock
66,6HguG9HRb1Ke1bhihfE4m8,3mIj9lX2MWuHmhNCA7LSCW,modern rock
66,6HguG9HRb1Ke1bhihfE4m8,3mIj9lX2MWuHmhNCA7LSCW,pop
66,6HguG9HRb1Ke1bhihfE4m8,3mIj9lX2MWuHmhNCA7LSCW,pov: indie
66,6HguG9HRb1Ke1bhihfE4m8,3mIj9lX2MWuHmhNCA7LSCW,rock
67,2hqn75Y9fEzL0qPoPRXCvX,7nqOGRxlXj7N2JYbgNEjYH,k-pop
67,2hqn75Y9fEzL0qPoPRXCvX,7nqOGRxlXj7N2JYbgNEjYH,k-pop boy group
68,6gHeWGamtOYHBd1LBZ7Fv6,2dIgFjalVxs4ThymZ67YCE,k-pop
68,6gHeWGamtOYHBd1LBZ7Fv6,2dIgFjalVxs4ThymZ67YCE,k-pop boy group
68,6gHeWGamtOYHBd1LBZ7Fv6,2dIgFjalVxs4ThymZ67YCE,pop
69,7hrEbEm2Gyeoc8ecOA88Xh,4gcU7SCknj9zNp6MrqOsl5,
70,2jw5XhboxwXw0lcnTEbkOT,4D9foUQxTrsS0w2BeyCD16,k-pop
70,2jw5XhboxwXw0lcnTEbkOT,4D9foUQxTrsS0w2BeyCD16,k-pop boy group
71,7rIXkPCaibFJTs4rKS29OS,7nqOGRxlXj7N2JYbgNEjYH,k-pop
71,7rIXkPCaibFJTs4rKS29OS,7nqOGRxlXj7N2JYbgNEjYH,k-pop boy group
72,7jcpg7osgYWffx9LmLEoZ4,2dIgFjalVxs4ThymZ67YCE,k-pop
72,7jcpg7osgYWffx9LmLEoZ4,2dIgFjalVxs4ThymZ67YCE,k-pop boy group
72,7jcpg7osgYWffx9LmLEoZ4,2dIgFjalVxs4ThymZ67YCE,pop
73,4KTK0uE4uJlS2Y8Gtq81I9,2dIgFjalVxs4ThymZ67YCE,k-pop
73,4KTK0uE4uJlS2Y8Gtq81I9,2dIgFjalVxs4ThymZ67YCE,k-pop boy group
73,4KTK0uE4uJlS2Y8Gtq81I9,2dIgFjalVxs4ThymZ67YCE,pop
74,65lIGCfW59BxcEJnnIOCq3,2gsggkzM5R49q6jpPvazou,dance pop
74,65lIGCfW59BxcEJnnIOCq3,2gsggkzM5R49q6jpPvazou,pop
75,5blZcMwtCrPa7bp7lMBiTt,12AUp9oqeJDhNfO6IhQiNi,korean pop
76,3afkJSKX0EAMsJXTZnDXXJ,3WGpXCj9YhhfX11TToZcXP,australian pop
76,3afkJSKX0EAMsJXTZnDXXJ,3WGpXCj9YhhfX11TToZcXP,pop
76,3afkJSKX0EAMsJXTZnDXXJ,3WGpXCj9YhhfX11TToZcXP,viral pop
77,47abEckRMxULlGr3075cqL,6zPbaYJp7itQ8p0gPLqf2S,korean pop
78,2zlgwqw8BLX2JGB76LIFeF,2hcsKca6hCfFMwwdbFvenJ,k-pop
78,2zlgwqw8BLX2JGB76LIFeF,2hcsKca6hCfFMwwdbFvenJ,k-pop boy group
79,4Et7m1pazErkSegnrBNXkF,6uFYqDeLIwfURuF1yxVqJU,alt z
80,2gPM5iXzORTiUUyCD3eqxQ,7LOmc7gyMVMOWF8qwEdn2X,k-pop
80,2gPM5iXzORTiUUyCD3eqxQ,7LOmc7gyMVMOWF8qwEdn2X,k-pop boy group
81,3gOXq3FPPesm7VLPKmef6j,4YRxDV8wJFPHPTeXepOstw,filmi
81,3gOXq3FPPesm7VLPKmef6j,4YRxDV8wJFPHPTeXepOstw,modern bollywood
82,7cK7hDrE7vAesPf8xd5zmb,50JJSqHUf2RQ9xsHs0KMHg,indie pop rap
83,35HpFGWVSqW4D0Wi8A7zLI,0ghlgldX5Dd6720Q3qFyQB,k-pop
83,35HpFGWVSqW4D0Wi8A7zLI,0ghlgldX5Dd6720Q3qFyQB,k-pop boy group
84,2sXaFMTkBHYrEgfGJ2y27a,2auC28zjQyVTsiZKNgPRGs,k-rap
85,2ang3NGaB9ATpWHU482ZJC,3tpxZOPwm3IFQo00wq6hNd,
86,37LhFxchiyAJVop5JgRZgY,0FRUZvZNPzM3YJMABJxf2K,k-pop
86,37LhFxchiyAJVop5JgRZgY,0FRUZvZNPzM3YJMABJxf2K,korean pop
87,0DEUsirG6wfrMLkOAvO1Lm,7nqOGRxlXj7N2JYbgNEjYH,k-pop
87,0DEUsirG6wfrMLkOAvO1Lm,7nqOGRxlXj7N2JYbgNEjYH,k-pop boy group
88,7DKYA93lgKbhxzqE2ojtCS,2auC28zjQyVTsiZKNgPRGs,k-rap
89,52INmBPUsLUQ6to3WnGWUm,4IKVDbCSBTxBeAsMKjAuTs,filmi
89,52INmBPUsLUQ6to3WnGWUm,4IKVDbCSBTxBeAsMKjAuTs,modern bollywood
90,2hqTuEavAEMPUe4yXcWPkx,43GYq8c6nVEgaEyg0qtzJd,k-pop
90,2hqTuEavAEMPUe4yXcWPkx,43GYq8c6nVEgaEyg0qtzJd,k-pop boy group
91,0XABJLloqjHsF4mY4tGIOH,2dIgFjalVxs4ThymZ67YCE,k-pop
91,0XABJLloqjHsF4mY4tGIOH,2dIgFjalVxs4ThymZ67YCE,k-pop boy group
91,0XABJLloqjHsF4mY4tGIOH,2dIgFjalVxs4ThymZ67YCE,pop
92,15c7KZTrsCUxCQcOdUVELc,4k5fFEYgkWYrYvtOK3zVBl,k-pop
93,10IfXtjKQmOiON7tNAHv0y,5vV3bFXnN6D6N3Nj4xRvaV,k-pop
94,4qNK9zbRfo03SGjasmLyaG,4mbvd7ZJ2goftjy1L33LiB,korean pop
95,3JUy6uHdxEGf5cqk7IxDrE,4D9foUQxTrsS0w2BeyCD16,k-pop
95,3JUy6uHdxEGf5cqk7IxDrE,4D9foUQxTrsS0w2BeyCD16,k-pop boy group
96,0kq2SMYMcYk6dl2Z6k03yN,2FLqlgckDKdmpBrvLAT5BM,k-pop
97,3acGHJqr9xU1cnCEfLX1Lx,7nqOGRxlXj7N2JYbgNEjYH,k-pop
97,3acGHJqr9xU1cnCEfLX1Lx,7nqOGRxlXj7N2JYbgNEjYH,k-pop boy group
98,4Sw6Rk0c1ZLpE2yHSZ4BJN,5na1LmEmK2VzNLje9snJYW,k-pop
98,4Sw6Rk0c1ZLpE2yHSZ4BJN,5na1LmEmK2VzNLje9snJYW,k-pop boy group
99,2gzhQaCTeNgxpeB2TPllyY,1oSPZhvZMIrWW5I41kPkkY,k-pop
100,1vkUmedJVhScV9MmRsLGSY,7z2avKuuiMAT4XZJFv8Rvh,indie anthem-folk
100,1vkUmedJVhScV9MmRsLGSY,7z2avKuuiMAT4XZJFv8Rvh,uk pop
101,1LSHzXAZXQH9R1zSEFF8Hz,2dIgFjalVxs4ThymZ67YCE,k-pop
101,1LSHzXAZXQH9R1zSEFF8Hz,2dIgFjalVxs4ThymZ67YCE,k-pop boy group
101,1LSHzXAZXQH9R1zSEFF8Hz,2dIgFjalVxs4ThymZ67YCE,pop
102,63irPUP3xB74fHdw1Aw9zR,2dIgFjalVxs4ThymZ67YCE,k-pop
102,63irPUP3xB74fHdw1Aw9zR,2dIgFjalVxs4ThymZ67YCE,k-pop boy group
102,63irPUP3xB74fHdw1Aw9zR,2dIgFjalVxs4ThymZ67YCE,pop
103,53H3sGmqiXWO4MwuZAJfyn,0ghlgldX5Dd6720Q3qFyQB,k-pop
103,53H3sGmqiXWO4MwuZAJfyn,0ghlgldX5Dd6720Q3qFyQB,k-pop boy group
104,0bFiLUmBmFX0aWyhVqIwiN,7nqOGRxlXj7N2JYbgNEjYH,k-pop
104,0bFiLUmBmFX0aWyhVqIwiN,7nqOGRxlXj7N2JYbgNEjYH,k-pop boy group
105,3NZJlJemX3mzjf56MqC5ML,7bXgB6jMjp9ATFy66eO08Z,r&b
105,3NZJlJemX3mzjf56MqC5ML,7bXgB6jMjp9ATFy66eO08Z,rap
106,57jBcQUCJaIUTRbqBmW7D1,58BWh3yJrluDugLv0QF0eC,k-indie
106,57jBcQUCJaIUTRbqBmW7D1,58BWh3yJrluDugLv0QF0eC,k-pop
106,57jBcQUCJaIUTRbqBmW7D1,58BWh3yJrluDugLv0QF0eC,korean pop
106,57jBcQUCJaIUTRbqBmW7D1,58BWh3yJrluDugLv0QF0eC,korean singer-songwriter
107,320twJYO0LC64eWCuCC5vj,07OePkse2fcvU9wlVftNMl,k-indie
107,320twJYO0LC64eWCuCC5vj,07OePkse2fcvU9wlVftNMl,korean city pop
107,320twJYO0LC64eWCuCC5vj,07OePkse2fcvU9wlVftNMl,korean indie rock
108,3pfykZzHS6Zj5M9XH2yNY2,2dIgFjalVxs4ThymZ67YCE,k-pop
108,3pfykZzHS6Zj5M9XH2yNY2,2dIgFjalVxs4ThymZ67YCE,k-pop boy group
108,3pfykZzHS6Zj5M9XH2yNY2,2dIgFjalVxs4ThymZ67YCE,pop
109,44dZ49nRlFPSmX6A80rKB1,2dIgFjalVxs4ThymZ67YCE,k-pop
109,44dZ49nRlFPSmX6A80rKB1,2dIgFjalVxs4ThymZ67YCE,k-pop boy group
109,44dZ49nRlFPSmX6A80rKB1,2dIgFjalVxs4ThymZ67YCE,pop
110,4aJzPMzETa2kSm1Gz8PlBx,4mbvd7ZJ2goftjy1L33LiB,korean pop
111,5lDriBxJd22IhOH9zTcFrV,3vAaWhdBR38Q02ohXqaNHT,alternative metal
111,5lDriBxJd22IhOH9zTcFrV,3vAaWhdBR38Q02ohXqaNHT,modern rock
111,5lDriBxJd22IhOH9zTcFrV,3vAaWhdBR38Q02ohXqaNHT,neo mellow
111,5lDriBxJd22IhOH9zTcFrV,3vAaWhdBR38Q02ohXqaNHT,neon pop punk
111,5lDriBxJd22IhOH9zTcFrV,3vAaWhdBR38Q02ohXqaNHT,pop punk
111,5lDriBxJd22IhOH9zTcFrV,3vAaWhdBR38Q02ohXqaNHT,pop rock
111,5lDriBxJd22IhOH9zTcFrV,3vAaWhdBR38Q02ohXqaNHT,post-grunge
112,2HRgqmZQC0MC7GeNuDIXHN,6HaGTQPmzraVmaVxvz6EUc,k-pop
113,3vGSv4l4czTve9jZoYeIWk,2dIgFjalVxs4ThymZ67YCE,k-pop
113,3vGSv4l4czTve9jZoYeIWk,2dIgFjalVxs4ThymZ67YCE,k-pop boy group
113,3vGSv4l4czTve9jZoYeIWk,2dIgFjalVxs4ThymZ67YCE,pop
114,3Cvk6D9zA67WnPtKCa4ZZ0,6nfDaffa50mKtEOwR8g4df,k-pop
114,3Cvk6D9zA67WnPtKCa4ZZ0,6nfDaffa50mKtEOwR8g4df,k-pop boy group
115,53Iv4XnDyFKnMXVaiiCcdv,4l1q0z9xeJcJw73Gxc6gCB,
116,2nzED6Q3yWuvSQnxw6QTlU,7bVJIMenC0rlgot8O60qpF,korean electropop
117,3z8gMKFAR1rH8xQjHvkxf5,1wDstpO8XQNU6GV0S92663,
118,4YwyAEMaRc8wuIC68a0TPQ,4D9foUQxTrsS0w2BeyCD16,k-pop
118,4YwyAEMaRc8wuIC68a0TPQ,4D9foUQxTrsS0w2BeyCD16,k-pop boy group
119,0nuXhivBOFDiriWCpdyU93,2dIgFjalVxs4ThymZ67YCE,k-pop
119,0nuXhivBOFDiriWCpdyU93,2dIgFjalVxs4ThymZ67YCE,k-pop boy group
119,0nuXhivBOFDiriWCpdyU93,2dIgFjalVxs4ThymZ67YCE,pop
120,3czfvJgfEDfBT5OKA5qAU5,2dIgFjalVxs4ThymZ67YCE,k-pop
120,3czfvJgfEDfBT5OKA5qAU5,2dIgFjalVxs4ThymZ67YCE,k-pop boy group
120,3czfvJgfEDfBT5OKA5qAU5,2dIgFjalVxs4ThymZ67YCE,pop
121,2bSxLQkTVPmJHNgm0q35nl,4DqFd6XE3dX4LWXHJVVpLk,
122,36VQhfNBfrU8M9AkqRTZl9,6WpJSd6sdwE5nc3sBjeg8q,
123,5QGooKayQPVZMUDc8Qt3Dm,7nqOGRxlXj7N2JYbgNEjYH,k-pop
123,5QGooKayQPVZMUDc8Qt3Dm,7nqOGRxlXj7N2JYbgNEjYH,k-pop boy group
124,4atsZkGtoHHPugKK5wzAE1,2dIgFjalVxs4ThymZ67YCE,k-pop
124,4atsZkGtoHHPugKK5wzAE1,2dIgFjalVxs4ThymZ67YCE,k-pop boy group
124,4atsZkGtoHHPugKK5wzAE1,2dIgFjalVxs4ThymZ67YCE,pop
125,6RJxJpOaCZ4DamSgJaMoJ8,7nqOGRxlXj7N2JYbgNEjYH,k-pop
125,6RJxJpOaCZ4DamSgJaMoJ8,7nqOGRxlXj7N2JYbgNEjYH,k-pop boy group
126,4YQel4FiTWYHUn6TXMCuPa,2dIgFjalVxs4ThymZ67YCE,k-pop
126,4YQel4FiTWYHUn6TXMCuPa,2dIgFjalVxs4ThymZ67YCE,k-pop boy group
126,4YQel4FiTWYHUn6TXMCuPa,2dIgFjalVxs4ThymZ67YCE,pop
127,6V9fHiv84WlVTg7CSnIVY2,26VFTg2z8YR0cCuwLzESi2,electropop
127,6V9fHiv84WlVTg7CSnIVY2,26VFTg2z8YR0cCuwLzESi2,etherpop
127,6V9fHiv84WlVTg7CSnIVY2,26VFTg2z8YR0cCuwLzESi2,indie poptimism
127,6V9fHiv84WlVTg7CSnIVY2,26VFTg2z8YR0cCuwLzESi2,pop
128,4jjaOnFqtAyiYmP7PdTJbO,2dIgFjalVxs4ThymZ67YCE,k-pop
128,4jjaOnFqtAyiYmP7PdTJbO,2dIgFjalVxs4ThymZ67YCE,k-pop boy group
128,4jjaOnFqtAyiYmP7PdTJbO,2dIgFjalVxs4ThymZ67YCE,pop
129,0UDCfleTgwihlnOUxbzokR,3Nrfpe0tUJi4K4DXYWgMUX,k-pop
129,0UDCfleTgwihlnOUxbzokR,3Nrfpe0tUJi4K4DXYWgMUX,k-pop boy group
129,0UDCfleTgwihlnOUxbzokR,3Nrfpe0tUJi4K4DXYWgMUX,pop
130,339OJQmxYMdKTyRMiWkzuA,0ziR2zN0NFcB4x1G3P8cW3,k-pop
130,339OJQmxYMdKTyRMiWkzuA,0ziR2zN0NFcB4x1G3P8cW3,k-pop boy group
131,2bTDJaOn3kEBse2wCKugBP,4l1q0z9xeJcJw73Gxc6gCB,
132,1Iu7bqGwYVB6OGq4uLt2ak,2dIgFjalVxs4ThymZ67YCE,k-pop
132,1Iu7bqGwYVB6OGq4uLt2ak,2dIgFjalVxs4ThymZ67YCE,k-pop boy group
132,1Iu7bqGwYVB6OGq4uLt2ak,2dIgFjalVxs4ThymZ67YCE,pop
133,0JL7DoEqAUcOntWmBuOSdh,7cVZApDoQZpS447nHTsNqu,k-pop
134,0ziw85g0u0YMFR8BVwarhM,6wwj6pIJdMJJyDQsQVtPzR,social media pop
135,71Ynbzp1UCFHrh8MBMActE,6uFYqDeLIwfURuF1yxVqJU,alt z
136,1fnzWwpiHUxppDQ8EQccvW,4l1q0z9xeJcJw73Gxc6gCB,
137,40SuiVcQ5NyDk48nZSADK3,2auC28zjQyVTsiZKNgPRGs,k-rap
138,38zsOOcu31XbbYj9BIPUF1,3PhoLpVuITZKcymswpck5b,glam rock
138,38zsOOcu31XbbYj9BIPUF1,3PhoLpVuITZKcymswpck5b,mellow gold
138,38zsOOcu31XbbYj9BIPUF1,3PhoLpVuITZKcymswpck5b,piano rock
138,38zsOOcu31XbbYj9BIPUF1,3PhoLpVuITZKcymswpck5b,rock
139,4Fz4DLZtLQIYGx9Ymq0IQj,2FLqlgckDKdmpBrvLAT5BM,k-pop
140,5kFGqKqHzVVMMI7V7uoID1,2dIgFjalVxs4ThymZ67YCE,k-pop
140,5kFGqKqHzVVMMI7V7uoID1,2dIgFjalVxs4ThymZ67YCE,k-pop boy group
140,5kFGqKqHzVVMMI7V7uoID1,2dIgFjalVxs4ThymZ67YCE,pop
141,2m6Ko3CY1qXNNja8AlugNc,3WGpXCj9YhhfX11TToZcXP,australian pop
141,2m6Ko3CY1qXNNja8AlugNc,3WGpXCj9YhhfX11TToZcXP,pop
141,2m6Ko3CY1qXNNja8AlugNc,3WGpXCj9YhhfX11TToZcXP,viral pop
142,1bIhEN6lxZTokWS7Qk5DJP,0ghlgldX5Dd6720Q3qFyQB,k-pop
142,1bIhEN6lxZTokWS7Qk5DJP,0ghlgldX5Dd6720Q3qFyQB,k-pop boy group
143,7ACUsvZmitu4pX7dQk3Ntp,4l1q0z9xeJcJw73Gxc6gCB,
144,4F8Bypjhr4oMTPSNNLjAoS,4SlTBna02QsC02FNFq4ZyO,
145,5aBJSeoYUVNFQ3afZVTxoP,2FLqlgckDKdmpBrvLAT5BM,k-pop
146,6Cnzpz5iL9MhyDbco7YvOX,7nqOGRxlXj7N2JYbgNEjYH,k-pop
146,6Cnzpz5iL9MhyDbco7YvOX,7nqOGRxlXj7N2JYbgNEjYH,k-pop boy group
147,1kzrpvhuY0ouH5pjnVHVkF,5LHu1iF8m0XtRBEJbbwSoo,k-pop
147,1kzrpvhuY0ouH5pjnVHVkF,5LHu1iF8m0XtRBEJbbwSoo,korean ost
148,79jgzziAIoymcQp3n2GL1M,2jLHrOkh1M5rLJgnrgfQf1,k-indie
149,6KfYVOicblNB8CaDZwbxiT,55qiaow2sDYtjqu1mwRua6,boy band
150,5MYL9WejirHj0kc8crJPJ0,3qNVuliS40BLgXGxhdBdqu,k-pop
151,3CWq0pAKKTWb0K4yiglDc4,06HL4z0CvFAxyc27GXpf02,pop
152,1VG2YcjPA6XQtiJOoCx9zu,29txRD4cY4geQXKUZvmseW,k-pop boy group
153,2FuB4re85DbgICpRi8IEEU,2bp65KnFOIsIosBoqPzvNL,alt z
154,7xmNnlYrcH38FmJSoxextC,17Cit7wNuKM6q67MwLH6gD,gen z singer-songwriter
155,3d3ELsqKlQ7WA0a10Isu3l,5qRSs6mvI17zrkJpOHkCoM,k-pop
155,3d3ELsqKlQ7WA0a10Isu3l,5qRSs6mvI17zrkJpOHkCoM,k-pop boy group
156,43mnNatwMMydJ4CxMdQVnJ,0ghlgldX5Dd6720Q3qFyQB,k-pop
156,43mnNatwMMydJ4CxMdQVnJ,0ghlgldX5Dd6720Q3qFyQB,k-pop boy group
157,277v6ztCVBxeYS6S8EGByp,4l1q0z9xeJcJw73Gxc6gCB,
158,5podb1asONjqwKk1iMVOeG,2dIgFjalVxs4ThymZ67YCE,k-pop
158,5podb1asONjqwKk1iMVOeG,2dIgFjalVxs4ThymZ67YCE,k-pop boy group
158,5podb1asONjqwKk1iMVOeG,2dIgFjalVxs4ThymZ67YCE,pop
159,3O8G8eVrhfXTGttyQ1xVuq,2dIgFjalVxs4ThymZ67YCE,k-pop
159,3O8G8eVrhfXTGttyQ1xVuq,2dIgFjalVxs4ThymZ67YCE,k-pop boy group
159,3O8G8eVrhfXTGttyQ1xVuq,2dIgFjalVxs4ThymZ67YCE,pop
160,1lUNlmwyhsJy6kXmmrO11t,0Vb2DjojEYsasFpc3aTZb6,korean ost
161,783P4OcjGqWZ19UzbwM9pc,2FLqlgckDKdmpBrvLAT5BM,k-pop
162,07x9Jr01lqjlFycZsfKBae,2dIgFjalVxs4ThymZ67YCE,k-pop
162,07x9Jr01lqjlFycZsfKBae,2dIgFjalVxs4ThymZ67YCE,k-pop boy group
162,07x9Jr01lqjlFycZsfKBae,2dIgFjalVxs4ThymZ67YCE,pop
163,1KHdq8NK9QxnGjdXb55NiG,1whjlG0NSaQytgDIWz10GS,acoustic pop
164,11BLMmPoTgKEi4XBDxdpYN,2dIgFjalVxs4ThymZ67YCE,k-pop
164,11BLMmPoTgKEi4XBDxdpYN,2dIgFjalVxs4ThymZ67YCE,k-pop boy group
164,11BLMmPoTgKEi4XBDxdpYN,2dIgFjalVxs4ThymZ67YCE,pop
165,1yYtAYCmyy2DR1yHrkjcbL,6uFYqDeLIwfURuF1yxVqJU,alt z
166,5gXUFmE5AKFiInKyHVVEnL,2dIgFjalVxs4ThymZ67YCE,k-pop
166,5gXUFmE5AKFiInKyHVVEnL,2dIgFjalVxs4ThymZ67YCE,k-pop boy group
166,5gXUFmE5AKFiInKyHVVEnL,2dIgFjalVxs4ThymZ67YCE,pop
167,7fTc6aBevhBfM6vjSQuWHZ,38Gn0ZVC8TQwuaMxBK1yRV,
168,73tqnYbBDehLG2LcMaUT7l,0CmvFWTX9zmMNCUi6fHtAx,k-pop
168,73tqnYbBDehLG2LcMaUT7l,0CmvFWTX9zmMNCUi6fHtAx,k-pop boy group
169,5uiWhMSPOyhq0W2SebfbuE,2FLqlgckDKdmpBrvLAT5BM,k-pop
170,1BwFLLe233S6HR1ravS3yi,2dIgFjalVxs4ThymZ67YCE,k-pop
170,1BwFLLe233S6HR1ravS3yi,2dIgFjalVxs4ThymZ67YCE,k-pop boy group
170,1BwFLLe233S6HR1ravS3yi,2dIgFjalVxs4ThymZ67YCE,pop
171,2aSmaOoWoC2GPb3i5J9Daw,7jFUYMpMUBDL4JQtMZ5ilc,korean pop
172,2cF6aUShQcNWVnksMh5mKk,5lfGXaGmQck7m2077vsKpy,hindi indie
173,1HshHZrFIF5MRXWCZntOPr,2dIgFjalVxs4ThymZ67YCE,k-pop
173,1HshHZrFIF5MRXWCZntOPr,2dIgFjalVxs4ThymZ67YCE,k-pop boy group
173,1HshHZrFIF5MRXWCZntOPr,2dIgFjalVxs4ThymZ67YCE,pop
174,1SrsEuRiRoopW2pZDaHgVA,2dIgFjalVxs4ThymZ67YCE,k-pop
174,1SrsEuRiRoopW2pZDaHgVA,2dIgFjalVxs4ThymZ67YCE,k-pop boy group
174,1SrsEuRiRoopW2pZDaHgVA,2dIgFjalVxs4ThymZ67YCE,pop
175,2KHgPAJycXwbZ2S1xuUT9T,2dIgFjalVxs4ThymZ67YCE,k-pop
175,2KHgPAJycXwbZ2S1xuUT9T,2dIgFjalVxs4ThymZ67YCE,k-pop boy group
175,2KHgPAJycXwbZ2S1xuUT9T,2dIgFjalVxs4ThymZ67YCE,pop
176,5RqwjQWDwxQ3HTkOfXTrS6,2bWTIIQP9zaVc55RaMGu7e,korean r&b
177,0PwknbaUVwXJSmRh7qSfyi,7nqOGRxlXj7N2JYbgNEjYH,k-pop
177,0PwknbaUVwXJSmRh7qSfyi,7nqOGRxlXj7N2JYbgNEjYH,k-pop boy group
